{
  "Compatibility": "Untested",
  "Contributors": { "Developer": [ "Panoptes (Xel)" ] },
  "DefuserDifficulty": "Hard",
  "Description": "Simulate Hao Wang's B-Machine, a simple computational model, over the course of half the bomb's time and sumbit the end state of the tape. Tags:, digital, black-module, beige-backing, 2-buttons, asterisk, green-text, pixel-font, cowbell",
  "ExpertDifficulty": "Hard",
  "ModuleID": "xelBMachine",
  "Name": "B-Machine",
  "Origin": "Mods",
  "Published": "2020-11-17",
  "SortKey": "BMACHINE",
  "SourceUrl": "https://github.com/Mirage-Xel/xelBMachine",
  "Souvenir": { "Status": "NotACandidate" },
  "SteamID": "2290233483",
  "Symbol": "Bmc",
  "Type": "Regular"
}